X1.pos;407.1129235;2.04;Unknown;Damselfish;1.601541257;NO;
X1004.pos;231.073496;1.23;Unknown;all fish;6.519233884;NO;
X1009.pos;388.2546271;1.49;Unknown;all fish;1372.500557;YES;
X1013.pos;134.1174227;4.84;Unknown;all fish;242.7866531;YES;
X1014.pos;177.0615504;10.41;Unknown;all fish;50.2729146;YES;
X1016.pos;192.1236984;7.61;Unknown;Clownfish;6583.467029;NO;
X102.pos;207.03656;1.98;Unknown;Clownfish;0.001468727;NO;
X1024.pos;273.1449711;6.89;Unknown;all fish;1051.617506;YES;
X1025.pos;112.0504173;5.83;Unknown;all fish;1753.794717;YES;
X1026.pos;114.0910314;0.82;Unknown;all fish;829.924407;NO;multipeak
X1027.pos;283.1757802;1.1;Unknown;all fish;387.4938052;YES;double peak
X1029.pos;120.0808422;5.99;Unknown;all fish;925.9000263;YES;
X103.pos;303.1561512;6.99;Unknown;Clownfish;0.001462076;NO;! Other peak at 7.8 
X1033.pos;166.0866054;1.03;Unknown;all fish;1577.115428;YES;
X1034.pos;268.1038409;1.07;Unknown;Clownfish;5.09900756;NO;
X1036.pos;121.084255;5.92;Unknown;Clownfish;60.25644079;YES;
X1037.pos;134.0805184;7.47;Unknown;Clownfish;104.0620194;NO;! Other peak at 4.9 
X1039.pos;400.3420522;2.27;Unknown;all fish;223.3060782;YES;
X104.pos;563.1909337;9.14;Unknown;Clownfish;0.233146085;NO;
X1043.pos;371.2280656;1.49;Unknown;all fish;195.8753897;YES;beginning of peak a bit noisy
X1045.pos;103.0536439;5.98;Unknown;all fish;111.1590756;YES;
X1048.pos;121.0393122;2.09;Unknown;all fish;874.919227;YES;bigger peak at 1.3
X105.pos;258.1118339;9.13;Unknown;Clownfish;1660.850321;YES;
X1054.pos;222.1701727;4.99;Unknown;all fish;34.49231867;YES;
X1055.pos;139.0506818;2.09;Carboxylic acid;all fish;10653.79531;YES;
X1057.pos;206.1396666;1.46;Unknown;all fish;354.0823353;YES;
X106.pos;316.9831185;6.88;Unknown;Clownfish;339.4369586;YES;double peak
X1061.pos;281.1113017;7.57;Unknown;all fish;34.71373251;YES;
X1062.pos;314.2334711;2.87;Unknown;Clownfish;16.48293234;NO;
X1065.pos;174.1122259;1.2;Unknown;all fish;94.55584904;YES;
X1070.pos;232.1189857;4.87;Unknown;all fish;47.0543428;YES;
X1072.pos;703.5759647;4.52;Unknown;all fish;1840.534166;YES;
X1075.pos;432.2804485;1.12;Unknown;all fish;753.907474;NO;
X1076.pos;308.1050401;6.84;Unknown;Clownfish;5.425307944;NO;
X1077.pos;255.1095994;1.03;Unknown;all fish;7.699408937;NO;
X1079.pos;511.2014349;8.18;Unknown;all fish;52.02292123;YES;
X1080.pos;210.113731;6.86;Unknown;Clownfish;4.703926382;NO;contamination
X1082.pos;406.1319576;8.78;Unknown;all fish;27.80026764;YES;
X1085.pos;241.1554322;5.99;Unknown;Clownfish;222.8872337;YES;
X1086.pos;496.3414501;4.83;Glycerophospholipids;all fish;11057.30716;YES;
X1088.pos;103.9555938;1.31;Unknown;all fish;18.77141987;NO;contamination
X975.pos;478.1606994;1.135625;;;;NO;
X494.pos;274.9039716;4.252883333;;;;NO;
X109.pos;296.0667658;9.13;Unknown;all fish;305.1634923;YES;
X1091.pos;170.117811;5.97;Unknown;Clownfish;627.7900338;NO;
X1093.pos;102.1279381;2.54;Unknown;all fish;621.162803;NO;
X1095.pos;204.1237475;5.92;Carnitines;Clownfish;41.26601435;NO;RT at 5.21
X1096.pos;136.0483428;7.74;Unknown;all fish;1.678780564;NO;
X1099.pos;368.1794233;7.31;Unknown;all fish;0.085463687;NO;
X11.pos;171.065253;2.05;Unknown;Damselfish;34.86952933;NO;
X1100.pos;126.0658306;4.89;Unknown;all fish;33.73655617;NO;
X1101.pos;109.076334;7.84;Unknown;all fish;0.469653058;NO;RT at 7
X1102.pos;132.0772076;7.75;Unknown;all fish;20.23407305;NO;
X1103.pos;144.9818642;12.23;Unknown;all fish;123.2879207;NO;contamination
X1104.pos;156.0769163;10.19;amino acids and derivatives;all fish;174.4651196;YES;
X1105.pos;432.280762;1.56;Unknown;all fish;1102.352139;YES;
X1108.pos;495.3273121;4.86;Unknown;all fish;55.61292206;NO;
X1110.pos;469.3119031;4.93;Glycerophospholipids;all fish;27.63489657;NO;
X1113.pos;538.424353;4.76;Unknown;all fish;29.6417028;NO;
X1114.pos;244.0935279;5.84;Unknown;all fish;82.06689471;YES;
X1115.pos;164.1180784;5.99;Unknown;Clownfish;47.67197569;YES;
X1119.pos;263.994082;1.91;Unknown;all fish;2146.923645;YES;
X1120.pos;242.1178004;1.67;Unknown;all fish;85.59321678;NO;
X1123.pos;259.129954;7.57;Unknown;all fish;463.282459;YES;
X1124.pos;494.3246648;4.85;Unknown;all fish;225.2829007;YES;beginning of peak a bit noisy, double peak
X1128.pos;93.04416291;2.09;Unknown;all fish;320.357246;YES;
X113.pos;245.1816245;4.05;;Clownfish;19.89668144;YES;
X1130.pos;156.0407103;1.22;Unknown;Clownfish;11.25095262;NO;
X1138.pos;401.1066192;12.19;Unknown;all fish;148.4000022;YES;tailing (end of peak dragged)
X1139.pos;257.1136469;1.23;Unknown;all fish;52.83440311;YES;
X1141.pos;258.9299385;4.88;Unknown;all fish;319.7520682;NO;
X1149.pos;130.1597125;1.89;Unknown;all fish;16667.91668;YES;
X1150.pos;266.1963744;4.91;Unknown;all fish;33.76922049;YES;
X1155.pos;212.0931517;1.12;Unknown;all fish;104.4153679;YES;
X1156.pos;116.1071092;3.1;Unknown;Clownfish;4032.272508;YES;
X1157.pos;222.149642;3.66;Unknown;Clownfish;17.34213802;NO;
X1159.pos;361.1827839;9.14;Unknown;all fish;14.19712969;YES;
X1160.pos;126.1030426;7.84;Amines;all fish;0.001392453;NO;
X1161.pos;196.0964639;7.62;Unknown;Clownfish;0.001271329;NO;
X1166.pos;79.0204377;1.19;Unknown;all fish;32.17957735;YES;
X117.pos;673.1692875;9.13;Unknown;Clownfish;0.001364324;NO;
X1170.pos;127.0724874;4.72;Unknown;all fish;336.468762;YES;
X1173.pos;285.1270714;1.96;Unknown;Clownfish;3.719522233;NO;
X1174.pos;225.9881468;11.45;Unknown;all fish;384.7899442;NO;
X1175.pos;208.1344175;5.02;Unknown;Clownfish;11.10510213;NO;
X1178.pos;181.035545;1.03;Unknown;all fish;1.512747656;NO;
X1180.pos;265.0166295;11.44;Unknown;all fish;317.717874;NO;
X1182.pos;284.1229185;2.01;Unknown;Clownfish;6.847608789;NO;
X1183.pos;134.0635419;1.02;Unknown;all fish;25.53008189;YES;
X1184.pos;304.3008047;1.24;Unknown;Clownfish;19.85722001;NO;
X1186.pos;120.0805872;4.94;Unknown;all fish;26.99006559;NO;
X1188.pos;116.1072457;8.85;Unknown;all fish;61.40624004;YES;
X119.pos;180.1026939;4.97;Unknown;Clownfish;423.2552163;YES;
X1192.pos;289.140255;8.73;Unknown;all fish;763.8617235;YES;
X1195.pos;236.1660752;3.14;Unknown;Clownfish;82.652362;NO;
X1196.pos;237.1684046;3.13;Unknown;Clownfish;13.37553778;NO;
X1197.pos;144.9819554;2.12;Unknown;all fish;167.3462924;NO;
X1198.pos;210.1495203;4.33;;Clownfish;16.57132564;NO;
X1199.pos;152.0743188;7.8;Unknown;Clownfish;12.19072641;NO;
X12.pos;384.1341128;2.03;Peptide;Damselfish;2.395695458;NO;
X120.pos;605.182574;9.13;Unknown;Clownfish;1.990803174;NO;
X1200.pos;255.945076;12.29;Unknown;all fish;106.587365;NO;
X1202.pos;192.0788967;5.98;Unknown;Clownfish;1.662279571;NO;
X1203.pos;104.1067259;3.07;;Clownfish;9475.09724;YES;
X1204.pos;180.0881698;3.11;Unknown;all fish;59.01681639;NO;
X1206.pos;172.1332428;5.24;Unknown;Clownfish;0.001360062;NO;
X1209.pos;476.3067454;1.64;Unknown;all fish;623.8082538;YES;
X121.pos;137.0708663;6.92;Unknown;Clownfish;217.7126565;YES;
X1210.pos;84.95978544;12.28;Unknown;all fish;163.6361214;NO;
X1212.pos;172.133401;8.44;Unknown;all fish;233.2427853;YES;
X1215.pos;274.9039112;4.87;Unknown;all fish;274.7772858;NO;
X1216.pos;286.2022924;3.27;Unknown;Clownfish;18.54067945;NO;
X1217.pos;355.1551659;10.41;Unknown;all fish;21.22132157;YES;
X1218.pos;162.1133667;6.86;Unknown;Clownfish;501.9393645;YES;at RT 6.86
X122.pos;212.1263641;8.4;Unknown;Clownfish;753.2992972;NO;
X1220.pos;176.1288049;7.17;Unknown;Clownfish;13.72404527;NO;
X1222.pos;155.1547671;1.87;Unknown;all fish;157.1991288;YES;
X1228.pos;182.0791626;9.31;Unknown;all fish;3.386857556;NO;
X123.pos;434.1926908;6.9;Unknown;all fish;117.1049793;YES;
X1231.pos;105.953976;1.3;Unknown;all fish;33.17078909;NO;
X1232.pos;166.0864861;2.75;Benzoids;all fish;59.66797746;NO;
X1236.pos;130.1591187;2.13;Unknown;Damselfish;1684.358361;YES;double peak
X1238.pos;381.0793108;8.7;Unknown;all fish;58.42885217;YES;
X1242.pos;250.1816442;2.66;Unknown;Clownfish;4.59884016;NO;
X1243.pos;760.5852571;3.54;Unknown;all fish;49.05902149;YES;
X1247.pos;474.8333567;12.29;Unknown;all fish;326.6677622;YES;
X125.pos;280.0937186;9.13;Unknown;Clownfish;1355.629977;YES;
X1251.pos;337.9698573;11.45;Unknown;all fish;436.2047171;NO;
X1254.pos;190.1441716;4.6;Unknown;Clownfish;2.692275629;NO;
X1257.pos;251.184314;2.64;Unknown;Clownfish;2.66143241;NO;
X1259.pos;176.0923292;2.65;Unknown;Clownfish;2.389989651;NO;noise
X126.pos;545.1813347;9.13;Unknown;Clownfish;0.00140804;NO;noise
X1260.pos;520.3324192;1.73;Unknown;all fish;387.809572;YES;
X1262.pos;155.1064164;0.81;Unknown;all fish;76.74565199;NO;contamination
X1264.pos;118.0864353;10.37;Unknown;all fish;463.1933609;NO;contamination
X1265.pos;184.1452913;4.86;Unknown;all fish;27.42592271;NO;
X1267.pos;226.1810753;1.03;Unknown;all fish;707.9252349;YES;
X1273.pos;198.1489465;1.05;Unknown;all fish;47.5259219;YES;
X1274.pos;214.9183416;12.29;Unknown;all fish;1484.535613;YES;
X1275.pos;296.1495218;4.79;Unknown;Clownfish;12.31674974;YES;
X1282.pos;365.1065361;8.69;Unknown;all fish;1534.476318;YES;
X1283.pos;604.791181;12.28;Unknown;all fish;114.2489;YES;
X1284.pos;198.1863218;1.02;Unknown;all fish;97.86309386;YES;
X1285.pos;462.2235557;5.07;Unknown;all fish;2107.624478;YES;
X1289.pos;298.1808772;1.3;Unknown;all fish;37.21520004;YES;
X1290.pos;186.2218686;1.39;Unknown;all fish;114.3046902;YES;
X1292.pos;151.0356767;10.59;Unknown;all fish;218.8584566;NO;
X1295.pos;116.1073842;8.44;Unknown;all fish;290.2263386;YES;
X1298.pos;906.8243452;6.23;Unknown;all fish;306.0855632;NO;
X1299.pos;221.0173816;3.48;Unknown;all fish;42.04827869;NO;
X13.pos;386.1344027;2.02;Peptide;Damselfish;2.263728688;NO;
X1302.pos;344.8763668;12.29;Unknown;all fish;482.0322781;YES;
X1305.pos;174.1129205;6.02;Unknown;Clownfish;0.001376462;NO;
X1310.pos;284.3318933;1.25;Unknown;all fish;27.02594391;YES;
X1313.pos;110.0086842;10.52;Unknown;all fish;133.1171648;NO;
X1314.pos;274.1408229;4.3;;Clownfish;1.967448807;NO;
X132.pos;109.0762643;7.02;Unknown;Clownfish;956.0485083;YES;
X1320.pos;144.9818937;1.76;Unknown;all fish;533.5793522;NO;contamination
X1321.pos;249.0989877;4.3;;Clownfish;44.04204744;NO;
X1326.pos;248.0960588;4.33;;Clownfish;295.9387278;YES;
X1330.pos;496.3406776;4.42;;all fish;2999.906307;YES;beginning of peak which is at 4.8
X1334.pos;125.1122415;8.81;Unknown;all fish;112.0424631;NO;
X1335.pos;280.1553506;3.92;;Clownfish;47.64225242;NO;double peak
X1336.pos;150.0555514;1.02;Unknown;all fish;2444.678354;YES;
X1337.pos;476.3067173;1.13;Unknown;all fish;435.7907732;NO;
X1340.pos;540.8377218;11.8079;Unknown;all fish;54.76191217;YES;double peak
X1341.pos;510.3934769;4.41;;all fish;56.89836999;NO;
X1342.pos;125.1075972;3.06;Unknown;all fish;12.85490298;NO;
X1343.pos;482.3609634;4.57;Glycerophospholipids;all fish;330.9622135;YES;
X1344.pos;319.165578;4.18;;Clownfish;16.52684719;NO;
X1348.pos;106.0861826;6.04;Unknown;all fish;533.6472485;YES;
X135.pos;312.1967273;1.27;Unknown;all fish;8.699820143;NO;
X1355.pos;566.8881234;6.2;Unknown;all fish;368.5161463;NO;
X1356.pos;170.1180819;1.12;Unknown;all fish;54.10845145;YES;
X1365.pos;328.139448;2.73;Unknown;all fish;119.9502304;NO;
X1372.pos;224.9912941;11.45;Unknown;all fish;713.181489;NO;
X1382.pos;142.122927;1.12;Unknown;all fish;104.2215567;YES;
X1383.pos;122.0726838;2.36;Unknown;all fish;443.4271627;YES;
X14.pos;189.0765636;2.05;Unknown;Damselfish;462.4212039;YES;
X1401.pos;510.355459;4.8;Unknown;all fish;132.088817;YES;
X1409.pos;326.2112467;1.22;Unknown;all fish;20.32305688;YES;
X141.pos;176.1034038;11.77;amino acids and derivatives;Clownfish;8.995011615;NO;
X1410.pos;430.9141158;6.2;Unknown;all fish;417.4801816;NO;
X1411.pos;289.0774874;8.19;Unknown;all fish;501.6262092;YES;
X142.pos;164.0712236;4.72;Benzoids;all fish;8.775579049;NO;
X144.pos;168.1208423;7.33;Unknown;Clownfish;3.678547537;NO;
X145.pos;161.1004822;6.84;Unknown;Clownfish;4.967226145;NO;
X148.pos;104.10829;4.08;;all fish;87931.49836;YES;
X149.pos;143.0813227;4.55;amino acids and derivatives;all fish;3.837587551;NO;peak at 7.5 for this m/z
X15.pos;111.0437527;2.06;Unknown;Damselfish;17.61558555;NO;
X151.pos;169.0979291;4.91;Unknown;all fish;4.653065113;YES;
X153.pos;182.0791825;6.8;Unknown;all fish;97.58445395;YES;double peak
X155.pos;549.1957431;9.15;Unknown;Clownfish;0.001384989;NO;
X16.pos;125.05964;2.06;Phenol;Damselfish;10.79528232;NO;
X160.pos;138.0554833;1.01;Unknown;all fish;278.0854095;YES;
X162.pos;675.5433575;4.57;Glycerophospholipids;Damselfish;49.15066667;NO;
X163.pos;241.1554419;6.74;amino acids and derivatives;Clownfish;351.1119022;YES;
X165.pos;165.0261735;3.29;Unknown;Clownfish;12.11732922;NO;
X166.pos;153.1388185;3.28;Unknown;all fish;111.6602978;YES;
X169.pos;104.1071828;9.14;Unknown;Clownfish;1122.913888;YES;
X171.pos;463.9793443;6.87;Unknown;Clownfish;396.4994969;YES;double peak
X172.pos;177.0643573;7.01;Unknown;Clownfish;1473.479561;YES;tailing (end of peak dragged)
X173.pos;413.1875211;7.29;Unknown;Clownfish;0.188927064;NO;
X174.pos;204.0658116;1.3;Unknown;all fish;56.79971217;YES;
X175.pos;98.98425883;9.13;Unknown;all fish;12.75872573;NO;
X178.pos;184.0740955;9.13;Unknown;Clownfish;17.28201494;NO;
X181.pos;214.0869885;1.01;Unknown;all fish;33.30612933;YES;
X184.pos;229.1553259;6.8;Peptides;Clownfish;643.1667612;YES;
X185.pos;356.0807242;9.61;Unknown;Clownfish;95.69406803;YES;
X187.pos;475.259259;1.25;Unknown;all fish;0.001378572;NO;
X188.pos;306.0889843;9.13;Unknown;all fish;29.66699461;NO;
X189.pos;325.1380812;7.01;Unknown;Clownfish;0.001393011;NO;peak at 7.8 for this m/z
X19.pos;126.0308048;2.06;Unknown;Damselfish;5.868560595;NO;
X192.pos;152.0715908;6.99;Unknown;Clownfish;849.8604583;YES;
X195.pos;288.2035682;9.08;Peptides;Damselfish;46.20181966;YES;
X198.pos;279.2553209;9.95;Unknown;Damselfish;157.2309171;YES;
X199.pos;153.066206;1.63;Unknown;Clownfish;484.6203356;YES;
X2.pos;406.1165495;2.04;Unknown;Damselfish;0.446935212;NO;
X20.pos;432.1132286;2.03;Peptide;Damselfish;0.69100406;NO;
X202.pos;281.270579;9.6;Unknown;Clownfish;5.207541062;NO;
X204.pos;162.1135959;7.68;Unknown;Clownfish;37.1128432;NO;
X205.pos;192.0252901;8.72;Unknown;Damselfish;8.479675051;NO;
X206.pos;262.1466176;8.37;Unknown;Damselfish;0.419513476;NO;
X207.pos;365.1062246;9.33;Unknown;all fish;19.08541656;NO;peak at RT 8.7
X21.pos;434.1129873;2.03;Unknown;Damselfish;0.32955177;NO;
X212.pos;260.1284108;1.02;Unknown;all fish;40.50319609;YES;
X214.pos;346.2031864;7.29;Unknown;Clownfish;0.08658488;NO;
X215.pos;171.1134909;4.94;Unknown;Clownfish;2.907340233;NO;
X217.pos;221.0196924;9.12;Unknown;Clownfish;46.91350627;YES;
X218.pos;236.150622;8.39;Unknown;Damselfish;16.49909972;NO;
X22.pos;233.0839202;2.03;Unknown;Damselfish;13.10704565;NO;
X220.pos;173.0815763;1.04;Unknown;all fish;33.08315134;NO;
X222.pos;258.1319756;8.38;Unknown;Damselfish;7.132139807;NO;
X224.pos;269.1071969;1.14;Unknown;all fish;5.684189062;NO;
X227.pos;157.134364;4.32;;all fish;3.638785318;NO;
X23.pos;141.0544399;2.06;Unknown;Damselfish;44.66337718;NO;
X232.pos;157.0495874;4.9;Unknown;Clownfish;0.001358032;NO;
X233.pos;160.1343437;4.61;Unknown;Clownfish;18384.77933;YES;
X234.pos;179.0792886;7.07;Unknown;Clownfish;4.803225605;NO;
X235.pos;345.2007629;7.27;Unknown;Clownfish;0.097316174;NO;
X237.pos;397.2134787;7.32;Unknown;Clownfish;0.001359181;NO;
X238.pos;152.1476491;4.47;;Damselfish;30.58480298;NO;
X241.pos;280.2576022;9.99;Unknown;Damselfish;23.8833187;NO;
X244.pos;610.9759438;6.87;Unknown;Clownfish;282.8144172;YES;double peak
X245.pos;218.1541509;2.31;Unknown;Clownfish;285.8040238;NO;
X246.pos;216.1408891;8.58;Unknown;Clownfish;133.6704314;NO;
X247.pos;293.2705601;9.88;Unknown;Clownfish;9.049858843;NO;
X248.pos;477.2085054;9.1;Unknown;Clownfish;3.42646508;NO;
X25.pos;423.0866445;2.04;Unknown;Damselfish;1.792708455;NO;
X254.pos;205.0710265;4.9;Unknown;all fish;2.534922273;NO;
X257.pos;129.1386216;12.2;Unknown;all fish;8363.384765;NO;
X258.pos;276.101778;4.49;Unknown;Clownfish;56.86464419;NO;
X259.pos;126.0221487;6.88;amino acids and derivatives;Clownfish;246.9473887;YES;
X26.pos;411.1272333;2.01;Unknown;Damselfish;3.649538534;NO;
X260.pos;271.1299633;1.9;Unknown;Damselfish;19.57140281;NO;
X266.pos;121.0884664;4.96;Unknown;Clownfish;5.837668606;NO;
X269.pos;625.2064852;8.3;Unknown;all fish;12.2882602;NO;
X271.pos;143.1547886;12.05;Unknown;Clownfish;327.1718836;NO;
X272.pos;101.0705782;7.66;Unknown;Clownfish;44.13895458;YES;
X276.pos;329.2269987;7.32;Unknown;Clownfish;0.001346289;NO;
X277.pos;136.1124935;3.28;Unknown;all fish;213.8734874;YES;
X278.pos;225.0644555;8.21;Unknown;Clownfish;28.94827869;NO;
X28.pos;433.1089636;2.03;Unknown;Damselfish;1.678376613;NO;
X283.pos;126.1274854;12.06;Unknown;Clownfish;1237.08522;YES;
X285.pos;241.1186106;1.22;Unknown;all fish;21.77051781;NO;
X286.pos;159.0771668;8.2;Unknown;all fish;22.57301748;NO;
X29.pos;424.0902317;2.05;Unknown;Damselfish;0.787574211;NO;
X293.pos;757.9724881;6.87;Unknown;Clownfish;173.6082386;YES;double peak
X294.pos;250.0963534;8.76;Unknown;all fish;0.281916509;NO;
X3.pos;397.1107476;2.09;Unknown;Damselfish;1.221232026;NO;
X30.pos;422.0907098;2.04;Unknown;Damselfish;0.459880616;NO;
X300.pos;693.5540656;4.78;Unknown;Damselfish;34.26698165;YES;
X306.pos;180.1019543;4.51;Unknown;Clownfish;252.6117326;YES;
X307.pos;169.0497084;1.06;Unknown;Clownfish;2.794370259;NO;
X309.pos;603.2250652;8.3;Unknown;all fish;88.01750715;YES;
X31.pos;412.1307182;2;Unknown;Damselfish;1.640113304;NO;
X311.pos;181.0585563;8.21;Unknown;all fish;3.812907236;NO;
X315.pos;909.3662488;8.29;Unknown;all fish;6.57686499;NO;
X316.pos;523.1991859;9.14;Unknown;Clownfish;0.001395143;NO;
X317.pos;528.3078011;4.87;Unknown;all fish;48.47142784;NO;
X318.pos;323.2187532;7.29;Unknown;Clownfish;0.084570594;NO;
X319.pos;211.1064632;7.58;Unknown;Damselfish;4.585772062;NO;
X32.pos;425.087355;2.05;Unknown;Damselfish;0.595577492;NO;
X325.pos;386.2916641;3.69;Unknown;all fish;4.480374205;NO;
X326.pos;109.0767436;8.74;Unknown;all fish;0.001389925;NO;peak at RT 7.0
X328.pos;173.0306151;8.01;Unknown;all fish;5.393412585;NO;peak at RT 7.7
X329.pos;223.1085358;1.23;Unknown;all fish;3.130231249;NO;
X33.pos;448.0865762;2.03;Unknown;Damselfish;0.10181097;NO;
X331.pos;212.1403998;8.79;Unknown;Clownfish;849.230262;NO;
X333.pos;629.2212811;8.3;Unknown;all fish;15.10998514;NO;
X335.pos;407.1191431;4.88;Unknown;Clownfish;104.335647;NO;
X337.pos;283.0701674;8.19;Unknown;all fish;374.6686238;YES;
X338.pos;168.1513885;8.74;Unknown;all fish;0.001255911;NO;
X339.pos;252.1088874;8.3;Unknown;all fish;19.73532576;NO;
X34.pos;449.0827882;2.03;Unknown;Damselfish;0.635362931;NO;
X341.pos;931.3480514;8.3;Unknown;all fish;8.794575608;NO;
X342.pos;445.0739612;4.88;Unknown;Clownfish;0.183090126;NO;
X348.pos;423.1703379;4.3;;Clownfish;109.0300214;YES;
X35.pos;138.0554446;4.98;alkaloide;Clownfish;161.5505616;NO;
X353.pos;887.3850792;8.29;Unknown;all fish;6.590686109;NO;
X354.pos;187.0463321;7.49;Unknown;Clownfish;115.9735258;YES;
X355.pos;222.0203465;3.08;Unknown;Clownfish;2395.016724;NO;
X357.pos;293.1117641;8.3;Unknown;all fish;676.694118;YES;
X36.pos;410.1310899;2.02;Unknown;Damselfish;1.761060751;NO;
X362.pos;271.1101298;8.18;Unknown;all fish;40.60402538;NO;
X363.pos;189.1609403;9.92;Unknown;all fish;366.8293583;YES;
X365.pos;232.0979384;1.75;Unknown;all fish;290.5858043;YES;
X375.pos;267.0964566;8.19;Unknown;all fish;2278.799048;YES;
X377.pos;143.0820009;7.49;amino acids and derivatives;Clownfish;9444.216439;YES;
X378.pos;188.0719423;1.16;Unknown;all fish;11653.0171;YES;
X382.pos;233.1005988;1.72;Unknown;all fish;39.7993678;NO;
X383.pos;324.221818;7.29;Unknown;Clownfish;0.001191273;NO;
X384.pos;165.0637217;7.47;Unknown;Clownfish;702.6886533;YES;
X386.pos;530.3237486;4.84;Unknown;all fish;59.73466602;NO;
X389.pos;136.0617168;3.64;Unknown;all fish;3649.341693;YES;
X391.pos;643.2177719;8.3;Unknown;all fish;84.56132688;YES;
X393.pos;234.1227374;8.83;Unknown;all fish;0.00134324;NO;
X394.pos;260.1866042;3.52;Carnitines;Clownfish;75.31657643;YES;
X396.pos;125.0960088;1.12;Unknown;all fish;37.43415606;NO;
X4.pos;408.1167792;2.04;Peptide;Damselfish;0.08152577;NO;
X40.pos;60.07998518;2.29;Unknown;Clownfish;0.001419054;NO;
X403.pos;166.0865207;6.01;amino acids and derivatives;all fish;229.8012228;YES;
X408.pos;112.1121908;12.2;Unknown;all fish;5217.049504;NO;
X409.pos;172.1333929;4.97;Unknown;all fish;16.42828348;NO;
X41.pos;87.04412686;2.29;Unknown;Clownfish;0.291532457;NO;
X411.pos;144.0805857;1.16;Unknown;all fish;48.17493207;NO;
X412.pos;172.1332359;2.32;Unknown;all fish;83.90641685;NO;
X413.pos;97.07563974;7.47;Unknown;Clownfish;213.3293164;YES;
X415.pos;235.1259381;8.75;Unknown;all fish;0.001431321;NO;
X420.pos;347.1197573;7.79;Unknown;all fish;91.90646726;YES;
X421.pos;144.0809166;3.74;Quinolines/Benzenoids;Clownfish;17.75054243;NO;
X422.pos;336.2262321;1.04;Unknown;all fish;5.009091016;NO;
X423.pos;111.0916156;6.91;Unknown;Clownfish;117.2058269;NO;contamination
X424.pos;599.2548655;8.3;Unknown;all fish;439.9405407;YES;
X425.pos;621.2352278;8.3;Unknown;all fish;28.88590703;YES;
X426.pos;129.0661992;7.65;Unknown;all fish;23.0443146;YES;
X428.pos;146.165652;12.19;Amines;all fish;14311.93619;NO;
X437.pos;131.1297286;9.4;Unknown;all fish;9.554797159;NO;
X443.pos;480.3449921;4.58;Glycerophospholipids;all fish;65.09061052;NO;
XE1.pos;480.3449921;4.88;Unknown;all fish;150.0975;YES;
X445.pos;245.1148579;8.19;Unknown;all fish;13658.84961;YES;
X447.pos;292.0745563;9.29;Unknown;Clownfish;33.0477503;NO;
X448.pos;116.1072941;8.45;Unknown;Clownfish;12.19692765;YES;
X449.pos;274.1165321;8.3;Unknown;all fish;121.2069918;YES;
X45.pos;76.0756628;4.47;Glycerophospholipids;Damselfish;85.56651037;YES;
X450.pos;317.2124641;1.04;Unknown;all fish;17.8611198;NO;
X451.pos;262.2012017;4.35;;all fish;28.42823012;YES;
X453.pos;534.2961473;4.84;Unknown;all fish;18.18999641;NO;
X455.pos;116.1072876;4.14;;all fish;532.0026853;YES;
X456.pos;515.2131637;9.13;Unknown;Clownfish;0.239594269;NO;
X457.pos;187.1090357;8.2;Unknown;Clownfish;390.6562589;YES;
X458.pos;904.969459;6.86;Unknown;Clownfish;79.39309956;YES;
X459.pos;486.152014;7.49;Unknown;Clownfish;0.001424074;NO;
X46.pos;151.1441545;4.47;Unknown;Damselfish;431.921456;YES;
X460.pos;243.0978945;8.29;Unknown;all fish;20.77027141;NO;
X461.pos;137.0462325;3.66;Purine derivative;all fish;1757.401361;YES;
X463.pos;289.1424204;8.3;Unknown;all fish;27183.54725;YES;
X466.pos;196.0954729;6.71;Unknown;Clownfish;2.924117222;NO;
X47.pos;146.1185805;2.29;Carnitines;Clownfish;4.837272496;NO;
X470.pos;216.0888835;1.16;Unknown;all fish;32.67537079;NO;
X477.pos;298.0973724;1.99;Unknown;all fish;473.4607704;YES;
X478.pos;199.1082123;8.29;Unknown;all fish;25.18481353;NO;
X479.pos;374.2541309;4.39;;all fish;5.41196277;NO;
X48.pos;215.0733458;2.02;Unknown;Damselfish;9.638224246;NO;
X482.pos;230.1270965;8.29;amino acids and derivatives;all fish;73.33969256;YES;
X486.pos;155.0822739;6.99;Unknown;Clownfish;1.257722423;YES;
X489.pos;174.0225783;2.47;Unknown;all fish;1965.219946;YES;
X49.pos;186.0517104;2.67;Unknown;Damselfish;2.34035754;NO;
X493.pos;206.0461554;3.08;Unknown;Clownfish;1319.003045;NO;
X498.pos;136.0614104;1.99;Unknown;all fish;153.1888484;NO;
X499.pos;319.2278359;1.24;Unknown;all fish;6.44256414;NO;
X5.pos;153.0545218;2.04;Unknown;Damselfish;20.63377837;NO;
X500.pos;326.1607123;4.73;Unknown;all fish;0.760710582;NO;
X501.pos;197.0451207;1.06;Unknown;Clownfish;37.28171187;NO;
X502.pos;228.0812456;3.86;;Clownfish;94.86656535;YES;
X503.pos;267.255317;9.69;Unknown;all fish;29.88184914;YES;
X504.pos;213.1972357;4.65;Unknown;all fish;7.323326665;NO;
X505.pos;274.0868338;3.86;;Clownfish;368.6552822;YES;
X51.pos;258.1317821;7.66;Unknown;Damselfish;10.61476127;NO;
X511.pos;112.0502127;4.9;Unknown;all fish;417.0676767;NO;
X515.pos;274.9040911;4.59;Unknown;all fish;374.9743527;NO;
X516.pos;309.1568909;6.9;Unknown;Clownfish;8.698747092;NO;
X517.pos;264.1276894;4.37;;all fish;41.13819227;NO;
X519.pos;183.0777466;1.2;Unknown;all fish;22.75599638;NO;
X52.pos;156.1135593;4.65;Unknown;all fish;55.86938446;NO;contamination
X521.pos;504.3437604;4.86;Unknown;all fish;20.51800467;NO;
X523.pos;174.1127075;7.11;Unknown;Clownfish;16.06258691;NO;
X526.pos;107.072618;7;Unknown;Clownfish;10.30833128;NO;
X527.pos;180.1024559;2.14;Unknown;all fish;6.539860814;NO;
X53.pos;174.1298987;4.06;;Clownfish;22.47750768;YES;
X530.pos;266.1028753;1;Unknown;all fish;28.82734754;YES;
X533.pos;225.0624182;1.05;Unknown;all fish;122.6547284;YES;
X537.pos;137.0461006;3.99;;all fish;591.8092198;YES;
X54.pos;234.0203027;3.11;Unknown;Clownfish;728.6355967;NO;
X540.pos;381.2399233;7.33;Unknown;Clownfish;0.00131964;NO;
X541.pos;123.1168402;4.63;Unknown;all fish;5.020228456;NO;
X542.pos;206.1211688;4.86;Unknown;Clownfish;2.878267208;NO;
X545.pos;197.0929878;8.29;Unknown;all fish;9.053790332;NO;
X546.pos;315.1360316;8.3;Unknown;all fish;116.5415198;YES;
X547.pos;174.1130556;6.72;Unknown;Clownfish;4.397330382;NO;
X549.pos;209.0904443;8.21;Unknown;Clownfish;102.6148074;YES;
X550.pos;176.1038187;8.9;Unknown;Clownfish;119.6819198;NO;
X555.pos;327.0967834;8.32;Unknown;all fish;1578.409651;YES;
X56.pos;289.1099328;2.09;Unknown;Damselfish;8.447363767;NO;
X562.pos;97.03979416;1.11;Unknown;all fish;77.83417537;YES;
X564.pos;244.1119442;7.49;Unknown;Clownfish;16.58270435;NO;
X57.pos;177.0335943;1.76;Unknown;Damselfish;16.10990172;NO;
X571.pos;338.1825755;9.78;Peptides;Clownfish;192.2990174;YES;
X572.pos;184.0949599;7.02;Unknown;all fish;12.62559919;NO;
X574.pos;144.066208;1.38;Unknown;all fish;11.34863707;NO;
X576.pos;98.09598783;9.39;Unknown;all fish;503.6700772;YES;
X577.pos;114.0664092;3.79;Carboxylic acid;all fish;3962.192242;YES;
X578.pos;266.0939498;7.48;Unknown;Clownfish;21.31943369;NO;
X58.pos;138.0554548;6.79;Unknown;all fish;23.38292603;NO;
X582.pos;218.1395764;4.7;Carnitines;Clownfish;4237.233659;YES;
X585.pos;135.0148523;2.42;Unknown;all fish;3.392828821;NO;
X586.pos;347.2046907;7.22;Unknown;Clownfish;0.231929834;NO;
X589.pos;130.0865819;9.95;Unknown;all fish;14.16853857;NO;
X59.pos;323.0710883;7.66;Unknown;Clownfish;96.69262232;YES;
X592.pos;357.2496525;9.91;Unknown;all fish;52.07535943;YES;
X599.pos;252.0784178;7.63;Unknown;Clownfish;183.0292736;YES;
X603.pos;518.3223628;4.83;Unknown;all fish;73.67559737;YES;
X605.pos;162.1139459;6.06;Carnitines;Clownfish;7371.455898;YES;
X606.pos;174.112506;8.23;Unknown;Clownfish;0.294750874;NO;
X609.pos;116.1071491;2.43;Unknown;all fish;8.804577486;NO;
X611.pos;175.0254297;2.44;Unknown;all fish;100.286263;NO;
X613.pos;342.1146819;8.73;Unknown;Clownfish;0.001364525;NO;
X616.pos;290.1353102;9.56;Peptides;Clownfish;64.7387497;YES;
X62.pos;142.0861764;7.1;Unknown;Clownfish;5.74863068;NO;
X621.pos;372.2436878;1.39;Unknown;Damselfish;71.97161642;YES;
X622.pos;232.0214578;2.37;Unknown;all fish;1242.67041;YES;
X623.pos;199.108271;7;Unknown;Clownfish;28.71153901;NO;
X624.pos;303.1563461;7.8;Unknown;all fish;5366.300569;YES;
X625.pos;238.1447339;4.8;Unknown;Clownfish;2.479526735;NO;
X626.pos;186.1070507;7.62;Unknown;Clownfish;52.02607154;YES;
X628.pos;123.0553682;6.82;Unknown;all fish;110.0625778;YES;
X63.pos;288.1129201;2.1;Unknown;Damselfish;2.729687092;NO;
X630.pos;154.0434863;0.8;Unknown;Clownfish;175.1617238;NO;
X632.pos;330.227519;1.27;Unknown;all fish;22.00980559;YES;
X634.pos;573.3743551;4.69;Unknown;all fish;36.21605128;NO;
X639.pos;130.15914;1.41;Unknown;all fish;5503.610106;NO;
X640.pos;164.0568426;3.87;;Clownfish;335.5388138;YES;
X641.pos;590.3807906;4.74;Unknown;all fish;69.76027303;NO;
X644.pos;291.049108;3.99;;all fish;79.74007056;YES;
X646.pos;272.2033138;10.34;Unknown;all fish;565.3764893;YES;
X648.pos;311.1233007;8.32;Unknown;all fish;7220.488091;YES;
X651.pos;500.2774976;4.92;Unknown;all fish;9.167770047;NO;
X653.pos;186.149815;4.62;Unknown;all fish;72.74453006;YES;
X654.pos;130.0866195;10.4;amino acids and derivatives;Damselfish;55.33212741;YES;
X660.pos;274.1272349;8.73;Unknown;Clownfish;9.2265082;NO;
X662.pos;212.090283;7.62;Unknown;Clownfish;624.3063385;NO;
X665.pos;129.1385711;13.65;Unknown;all fish;1579.187576;NO;
X666.pos;333.104609;8.33;Unknown;all fish;477.1875672;YES;
X667.pos;184.1091089;9.99;Unknown;Clownfish;7.714463768;NO;
X668.pos;215.0541324;8.74;Unknown;all fish;125.8859278;NO;
X67.pos;285.1105339;9.14;Unknown;Clownfish;8.911530117;NO;
X674.pos;230.0969072;7.62;amino acids and derivatives;Clownfish;104.0282959;YES;
X677.pos;246.1820257;9.97;Unknown;all fish;6.251599239;NO;
X678.pos;127.0328965;0.8;Unknown;Clownfish;663.683445;YES;double peak
X679.pos;158.1545926;4.24;;all fish;51.34032221;NO;
X68.pos;162.1145903;7.29;Unknown;Clownfish;91.60417643;NO;
X680.pos;212.0689481;7.11;Unknown;Clownfish;0.959431153;NO;
X682.pos;277.0903852;7.59;Unknown;all fish;8.208350235;NO;
X684.pos;154.0536721;2.2;Unknown;all fish;2.674420519;NO;
X686.pos;192.1063169;4.72;amino acids and derivatives;all fish;2.822091373;NO;
X69.pos;174.1252675;4.65;Unknown;Clownfish;31369.26501;YES;
X690.pos;260.0274495;9.46;Glycerophospholipids;all fish;165.4206824;YES;
X691.pos;150.0143644;8.85;Unknown;all fish;178.7374438;YES;
X693.pos;134.0599891;6.97;Unknown;Clownfish;7.88707045;NO;
X694.pos;246.1709314;3.81;Carnitines;Clownfish;2325.163169;YES;
X695.pos;212.0689363;6.71;Unknown;Clownfish;0.001407799;NO;
X696.pos;211.9782985;2.56;Unknown;all fish;5430.894087;NO;
X70.pos;139.0580118;6.8;amino acids and derivatives;all fish;2.549381134;NO;
X701.pos;312.1173973;9.6;Unknown;Clownfish;100.7318264;YES;
X702.pos;272.7047593;10.35;Unknown;all fish;154.8854423;YES;
X705.pos;721.5851084;4.74;Unknown;all fish;155.1106155;YES;
X706.pos;101.0792623;0.83;Unknown;all fish;363.7796649;NO;
X708.pos;193.0907422;3.27;Unknown;all fish;12.16749534;NO;
X710.pos;232.155333;4.18;;all fish;510.0985504;YES;
X712.pos;131.0708399;3.27;Unknown;all fish;10.76730071;NO;
X714.pos;310.1483463;2.11;Unknown;Clownfish;10.35484971;NO;
X717.pos;169.0720572;5.77;Unknown;all fish;286.4113095;YES;
X719.pos;176.128789;3.97;;all fish;61.84739786;NO;
X72.pos;236.150301;7.65;Unknown;Damselfish;7.713818998;NO;
X720.pos;196.064696;3.1;Unknown;Clownfish;9818.801539;YES;
X724.pos;527.2960226;4.86;Unknown;all fish;29.5907363;NO;
X725.pos;522.3553047;4.34;;all fish;294.0813324;NO;
X728.pos;158.1177845;2.33;Unknown;Clownfish;8.146209073;NO;
X731.pos;231.1351286;6.03;Unknown;all fish;0.67009889;NO;
X732.pos;192.065892;1.31;Unknown;all fish;25.48895573;NO;
X733.pos;249.0850219;8.19;Unknown;all fish;399.0191486;YES;
X736.pos;568.3405341;4.71;Unknown;all fish;361.3553208;YES;
X739.pos;273.2062748;10.36;Unknown;all fish;19.75705871;YES;
X740.pos;160.1084789;3.75;Unknown;all fish;115.3690963;YES;
X742.pos;118.1225016;3.4;Unknown;all fish;44.56765858;NO;
X743.pos;510.3919708;4.83;Unknown;all fish;260.9624795;YES;
X744.pos;246.0918717;4.91;Unknown;Clownfish;72.06084113;YES;
X745.pos;197.1018576;10.17;Unknown;all fish;55.64038138;YES;
X746.pos;186.0390251;3.87;;Clownfish;91.97948733;YES;
X750.pos;112.0502222;4.22;;all fish;10.33417001;NO;
X753.pos;147.0479022;4.86;Unknown;all fish;42.23216098;NO;
X759.pos;537.3625944;4.36;;all fish;0.766191581;NO;
X76.pos;192.0252358;9.06;Unknown;Damselfish;42.78167315;YES;
X760.pos;254.103141;1.29;Unknown;all fish;1.092946715;NO;
X761.pos;294.6872035;4.81;Unknown;all fish;77.72043396;NO;
X763.pos;536.3601351;4.36;;all fish;4.207224898;NO;
X77.pos;537.1958844;9.13;Unknown;Clownfish;24.18179087;YES;
X773.pos;95.06023062;9.06;Unknown;all fish;12.40901032;NO;
X774.pos;490.331668;7.3;Unknown;Clownfish;0.0013985;NO;
X776.pos;512.3988948;4.88;Unknown;all fish;16.08660622;NO;
X777.pos;298.0842508;6.87;Unknown;Clownfish;32.11503973;NO;
X780.pos;194.0935295;3.28;Unknown;all fish;66.24138041;NO;
X781.pos;154.13393;9.07;Unknown;all fish;35.30324563;NO;
X783.pos;303.1973488;4.17;;Clownfish;9.920108809;YES;
X784.pos;202.1810488;4.63;Unknown;Clownfish;21.42251855;NO;
X785.pos;219.0834689;10.17;Unknown;all fish;76.52065716;YES;
X788.pos;198.080175;2.11;Unknown;Clownfish;1301.200282;YES;
X791.pos;182.07945;7.26;Unknown;Clownfish;188.1294821;YES;
X792.pos;447.1584504;8.13;Unknown;all fish;23.05847003;NO;
X793.pos;331.0777655;2.1;Unknown;Clownfish;5.254917483;NO;
X794.pos;325.1378446;7.79;Unknown;all fish;720.4386547;YES;
X795.pos;186.1003247;8.22;Unknown;all fish;61.91940172;YES;
X796.pos;302.1971548;4.21;;Clownfish;38.79357342;NO;
X797.pos;185.0936338;7.31;Unknown;Clownfish;19.44176867;NO;
X799.pos;526.2935677;4.85;Unknown;all fish;85.63763102;YES;
X8.pos;451.1197364;2.04;Unknown;Damselfish;0.46463503;NO;
X800.pos;175.1200876;10.17;Unknown;all fish;3455.853475;YES;
X801.pos;542.3244815;4.77;Unknown;all fish;72.19905033;NO;
X802.pos;415.2328081;1.04;Unknown;all fish;57.40636364;YES;
X806.pos;198.1243097;9.07;Unknown;all fish;56.26351131;NO;
X807.pos;544.3398431;4.73;Unknown;all fish;308.996485;YES;
X808.pos;245.1182271;1.79;Unknown;all fish;87.48117649;YES;
X81.pos;595.1538485;9.14;Unknown;Clownfish;0.279292661;NO;
X811.pos;243.0879392;1.26;Unknown;all fish;73.98001936;YES;
X815.pos;364.0966744;1.12;Unknown;Clownfish;14.0263407;NO;
X819.pos;134.1174235;5.08;Unknown;all fish;82.37220442;YES;
X82.pos;173.0306674;7.65;Unknown;Clownfish;987.1785902;YES;
X822.pos;160.1338964;2.17;Unknown;all fish;166.4525275;YES;
X823.pos;564.3912504;4.32;;all fish;1.79787545;NO;
X826.pos;220.0620732;2.11;Unknown;all fish;126.4778342;NO;
X83.pos;139.1226295;4.43;;all fish;128.1253166;YES;
X830.pos;252.1447594;8.74;Unknown;Clownfish;55.38088111;NO;
X832.pos;202.1084083;1.79;Unknown;all fish;150.6409961;YES;
X837.pos;155.154883;1.86;Unknown;all fish;24.08412248;YES;
X838.pos;118.1224298;3.79;Unknown;all fish;93.44278705;YES;
X84.pos;136.1123928;7.37;Unknown;all fish;114.5188687;NO;
X841.pos;220.118945;1.79;Unknown;all fish;3266.330586;YES;
X843.pos;246.157126;10.43;Unknown;all fish;47.99571198;YES;
X846.pos;206.1194505;4.58;Unknown;all fish;2.122863055;NO;
X848.pos;94.06483385;3.46;Unknown;all fish;27.87882819;NO;
X85.pos;100.0394703;7.65;Unknown;Clownfish;343.9220219;YES;
X855.pos;270.091483;9.29;Unknown;Clownfish;879.8363528;YES;
X857.pos;236.0359741;2.11;Unknown;Clownfish;194.4120132;NO;
X86.pos;222.1969485;7.38;Unknown;Clownfish;1912.715256;YES;
X862.pos;524.3713458;4.75;Unknown;all fish;1209.792275;YES;
X863.pos;102.0910035;3.74;Unknown;all fish;56.83172709;NO;
X867.pos;246.1149788;1.79;Unknown;all fish;425.4749439;YES;
X870.pos;189.1323747;7.15;Unknown;Clownfish;7.614538175;NO;
X873.pos;365.1511822;1.45;Unknown;all fish;29.99788614;NO;
X876.pos;188.1286826;7.11;Unknown;Clownfish;77.45400661;NO;
X878.pos;228.1031573;1.83;Unknown;all fish;577.3450377;YES;
X879.pos;502.2925671;4.88;Unknown;all fish;59.98564298;YES;
X88.pos;102.0908357;7.29;amino acids and derivatives;Clownfish;6.571402053;NO;
X881.pos;161.1002236;5.9;Unknown;Clownfish;7.247977062;NO;
X883.pos;203.1512559;9.47;Unknown;all fish;386.6137256;YES;
X884.pos;240.152786;1.28;Unknown;all fish;99.47832992;YES;
X889.pos;184.0974497;1.79;Unknown;all fish;81.61039826;YES;
X89.pos;218.0460713;3.12;Unknown;Clownfish;445.9777582;NO;
X890.pos;209.0931714;1.21;Unknown;all fish;43.4570197;NO;
X891.pos;550.3865187;4.71;Glycerophospholipids;all fish;70.07292867;YES;
X893.pos;160.097192;5.92;Unknown;Clownfish;78.45416875;YES;
X896.pos;562.3761886;4.31;;all fish;3.377610182;NO;
X897.pos;272.2232516;0.9;Unknown;all fish;29.9468534;NO;
X898.pos;165.0588699;7.24;Unknown;Clownfish;31.76675209;NO;
X9.pos;385.1308351;2.03;Unknown;Damselfish;5.542997316;NO;
X90.pos;95.06844682;5;Unknown;Clownfish;2.283139503;NO;
X900.pos;543.3977185;10.35;Unknown;all fish;65.3989315;YES;
X901.pos;454.3296865;4.97;Unknown;all fish;43.02352841;NO;
X902.pos;213.1237136;1.15;Unknown;all fish;43.57775105;NO;
X906.pos;568.3400871;4.28;;all fish;85.42599105;NO;
X908.pos;283.1759967;1.33;Unknown;all fish;825.5618688;YES;double peak
X909.pos;232.0396806;4.39;;Clownfish;153.2467544;YES;
X911.pos;93.04447642;1.23;Unknown;all fish;2525.981278;YES;
X914.pos;125.1122257;9.03;Unknown;all fish;142.0151097;NO;
X917.pos;261.1315685;1.29;Unknown;all fish;68.15787149;NO;
X919.pos;236.0808329;9.06;Unknown;all fish;58.62274849;YES;
X921.pos;170.0794678;9.59;Unknown;Clownfish;5.174469329;NO;
X922.pos;252.1602793;4.76;Unknown;Clownfish;10.93180552;NO;
X927.pos;177.1029821;1.13;Unknown;all fish;36.03021747;NO;
X928.pos;270.1068869;2.38;Unknown;all fish;6.703668503;NO;
X929.pos;121.0400962;1.23;Unknown;all fish;17154.73333;YES;
X93.pos;94.0648144;5;Unknown;Clownfish;2.846439385;NO;
X930.pos;220.1069845;9.07;Unknown;all fish;113.0827817;NO;
X931.pos;522.3561691;4.77;Unknown;all fish;1949.086731;YES;
X935.pos;159.1130968;1.07;Unknown;all fish;45.32505908;NO;
X937.pos;184.0647303;3.07;Unknown;Clownfish;38511.4846;YES;
X94.pos;151.0482191;7.65;Unknown;Clownfish;48.09724841;YES;
X942.pos;300.2022252;1.34;Unknown;all fish;447.6592032;YES;
X943.pos;650.3447876;9.05;Unknown;Clownfish;0.001390829;NO;
X946.pos;178.1442317;5.01;Unknown;all fish;59.83569152;YES;
X948.pos;99.09126709;3.45;Unknown;all fish;4.800218385;NO;
X95.pos;129.0664953;7.65;Unknown;Clownfish;10426.31231;YES;
X951.pos;649.843454;9.05;Unknown;Clownfish;0.001395051;NO;
X955.pos;125.0707391;7.32;Unknown;Clownfish;4.182862428;NO;
X957.pos;139.0502375;1.23;Unknown;all fish;945.1973117;YES;
X958.pos;210.114092;7.14;Unknown;Clownfish;2096.324959;NO;
X96.pos;243.183865;4.07;;Clownfish;72.27833728;YES;
X960.pos;315.1042426;2.11;Unknown;all fish;9.879399574;NO;
X967.pos;156.1494905;8.94;Unknown;all fish;73.16334782;YES;
X97.pos;553.1686481;9.13;Unknown;Clownfish;0.212343366;NO;
X973.pos;288.217843;3.08;Carnitines;Clownfish;345.5110425;NO;
X975.pos;478.1606994;1.14;Unknown;Clownfish;3.563154426;NO;
X976.pos;524.3712127;4.31;;all fish;216.4084503;NO;
X977.pos;344.2289233;1.42;Unknown;all fish;1229.723415;YES;
X978.pos;344.2286694;1.11;Unknown;all fish;682.1807477;YES;
X979.pos;532.374142;4.86;Unknown;Clownfish;5.927189911;NO;
X981.pos;388.2543061;1.12;Unknown;all fish;833.2832359;YES;
X982.pos;146.9808638;1.32;Unknown;all fish;38.41966611;NO;
X983.pos;110.0713677;10.17;Unknown;all fish;209.896145;YES;
X984.pos;248.0923567;1.02;Unknown;all fish;29.5304497;NO;
X985.pos;230.0889095;1.93;Unknown;Clownfish;286.9464331;YES;
X986.pos;322.188162;9.04;Peptides;Clownfish;8.01036727;NO;
X993.pos;206.1527825;9.8;Unknown;all fish;103.64811;NO;
X998.pos;327.2020485;1.42;Unknown;all fish;420.3786563;YES;
X999.pos;114.0911262;1.03;Unknown;all fish;536.7361266;NO;
